<?xml version="1.0" encoding="UTF-8"?>
<project version="4">
  <component name="ChangeListManager">
    <list default="true" id="fb7c75ff-99f4-4155-b0ad-dae178b9ce44" name="Changes" comment="" />
    <option name="SHOW_DIALOG" value="false" />
    <option name="HIGHLIGHT_CONFLICTS" value="true" />
    <option name="HIGHLIGHT_NON_ACTIVE_CHANGELIST" value="false" />
    <option name="LAST_RESOLUTION" value="IGNORE" />
  </component>
  <component name="FileTemplateManagerImpl">
    <option name="RECENT_TEMPLATES">
      <list>
        <option value="Python Script" />
      </list>
    </option>
  </component>
  <component name="GitSEFilterConfiguration">
    <file-type-list>
      <filtered-out-file-type name="LOCAL_BRANCH" />
      <filtered-out-file-type name="REMOTE_BRANCH" />
      <filtered-out-file-type name="TAG" />
      <filtered-out-file-type name="COMMIT_BY_MESSAGE" />
    </file-type-list>
  </component>
  <component name="MarkdownSettingsMigration">
    <option name="stateVersion" value="1" />
  </component>
  <component name="ProjectId" id="29QpqiiXteIcnxKATtyRmSabd1B" />
  <component name="ProjectViewState">
    <option name="hideEmptyMiddlePackages" value="true" />
    <option name="showLibraryContents" value="true" />
  </component>
  <component name="PropertiesComponent">
    <property name="RunOnceActivity.OpenProjectViewOnStart" value="true" />
    <property name="RunOnceActivity.ShowReadmeOnStart" value="true" />
    <property name="settings.editor.selected.configurable" value="com.jetbrains.python.configuration.PyActiveSdkModuleConfigurable" />
  </component>
  <component name="RunManager">
    <configuration name="main" type="PythonConfigurationType" factoryName="Python" nameIsGenerated="true">
      <module name="Towerdefence" />
      <option name="INTERPRETER_OPTIONS" value="" />
      <option name="PARENT_ENVS" value="true" />
      <envs>
        <env name="PYTHONUNBUFFERED" value="1" />
      </envs>
      <option name="SDK_HOME" value="" />
      <option name="WORKING_DIRECTORY" value="$PROJECT_DIR$" />
      <option name="IS_MODULE_SDK" value="true" />
      <option name="ADD_CONTENT_ROOTS" value="true" />
      <option name="ADD_SOURCE_ROOTS" value="true" />
      <option name="SCRIPT_NAME" value="$PROJECT_DIR$/main.py" />
      <option name="PARAMETERS" value="" />
      <option name="SHOW_COMMAND_LINE" value="false" />
      <option name="EMULATE_TERMINAL" value="false" />
      <option name="MODULE_MODE" value="false" />
      <option name="REDIRECT_INPUT" value="false" />
      <option name="INPUT_FILE" value="" />
      <method v="2" />
    </configuration>
  </component>
  <component name="SpellCheckerSettings" RuntimeDictionaries="0" Folders="0" CustomDictionaries="0" DefaultDictionary="application-level" UseSingleDictionary="true" transferred="true" />
  <component name="TaskManager">
    <task active="true" id="Default" summary="Default task">
      <changelist id="fb7c75ff-99f4-4155-b0ad-dae178b9ce44" name="Changes" comment="" />
      <created>1653055359637</created>
      <option name="number" value="Default" />
      <option name="presentableId" value="Default" />
      <updated>1653055359637</updated>
    </task>
    <servers />
  </component>
  <component name="XDebuggerManager">
    <breakpoint-manager>
      <breakpoints>
        <line-breakpoint enabled="true" suspend="THREAD" type="python-line">
          <url>file://$PROJECT_DIR$/main.py</url>
          <line>122</line>
          <option name="timeStamp" value="1" />
        </line-breakpoint>
      </breakpoints>
    </breakpoint-manager>
  </component>
</project>